id,first_name,last_name,email,gender,ip_address
1,Ariadne,Jamison,ajamison0@discovery.com,F,98.129.227.154
2,Dexter,Korf,dkorf1@chicagotribune.com,M,127.206.189.206
3,Hyacinthe,Turfrey,hturfrey2@unicef.org,F,148.89.58.69
4,Nickola,Swate,nswate3@baidu.com,M,93.24.165.30
5,Korie,Makey,kmakey4@prweb.com,F,161.86.101.16
6,Rance,Staries,rstaries5@photobucket.com,M,30.163.3.46
7,Blanca,Darey,bdarey6@1und1.de,F,6.184.124.32
8,Spenser,MacNalley,smacnalley7@clickbank.net,M,157.16.73.75
9,Jerome,Chasles,jchasles8@cdc.gov,M,239.180.51.139
10,Gustaf,Cabera,gcabera9@opera.com,M,182.75.70.247
11,Annmarie,Vanne,avannea@soundcloud.com,F,195.183.102.213
12,Robyn,Ismay,rismayb@unicef.org,F,188.104.111.93
13,,Astin,kastinc@google.es,M,92.0.9.148
14,Horace,Vallerine,hvallerined@oracle.com,M,130.191.216.48
15,Tanny,Cornfoot,tcornfoote@dailymotion.com,M,210.201.137.12
16,Gardy,Truckett,gtruckettf@nature.com,M,10.101.104.126
17,Merissa,Sponer,msponerg@quantcast.com,F,210.186.223.68
18,Aaren,-Dunlop,acampbelldunloph@wix.com,F,83.227.153.109
19,Ike,Klemenz,iklemenzi@google.fr,M,186.116.196.228
20,Katina,Ashment,kashmentj@geocities.com,F,40.85.148.195
21,Morry,Di Biagio,mdibiagiok@wp.com,,47.11.89.159
22,Ara,Tedman,atedmanl@vinaora.com,NB,150.243.89.138
23,Diena,Filewood,dfilewoodm@stanford.edu,F,50.74.43.61
24,Caprice,Orred,corredn@unblog.fr,F,113.104.95.195
25,Willa,Calderhead,wcalderheado@google.it,F,110.96.114.52
26,Ambrose,Squibbes,asquibbesp@ovh.net,M,119.170.190.220
27,Fonz,Hardaker,fhardakerq@pinterest.com,M,178.48.34.81
28,Happy,Sollars,hsollarsr@usatoday.com,F,21.81.164.110
