id,first_name,last_name,email,gender,ip_address,similarity_score,match_id
1,Ariadne,Jamison,ajamison0@discovery.com,F,98.129.227.154,100.0,0
27,Fonz,Hardaker,fhardakerq@pinterest.com,M,178.48.34.81,100.0,26
21,Morry,Di Biagio,mdibiagiok@wp.com,,47.11.89.159,100.0,20
22,Ara,Tedman,atedmanl@vinaora.com,NB,150.243.89.138,100.0,21
23,Diena,Filewood,dfilewoodm@stanford.edu,F,50.74.43.61,100.0,22
24,Caprice,Orred,corredn@unblog.fr,F,113.104.95.195,100.0,23
25,Willa,Calderhead,wcalderheado@google.it,F,110.96.114.52,100.0,24
26,Ambrose,Squibbes,asquibbesp@ovh.net,M,119.170.190.220,100.0,25
28,Happy,Sollars,hsollarsr@usatoday.com,F,21.81.164.110,100.0,27
19,Ike,Klemenz,iklemenzi@google.fr,M,186.116.196.228,100.0,18
16,Gardy,Truckett,gtruckettf@nature.com,M,10.101.104.126,100.0,1000
17,Merissa,Sponer,msponerg@quantcast.com,F,210.186.223.68,100.0,1001
18,Aaren,-Dunlop,acampbelldunloph@wix.com,F,83.227.153.109,100.0,1002
19,Ike,Klemenz,iklemenzi@google.fr,M,186.116.196.228,100.0,1003
20,Katina,Ashment,kashmentj@geocities.com,F,40.85.148.195,100.0,1004
21,Morry,Di Biagio,mdibiagiok@wp.com,,47.11.89.159,100.0,1005
20,Katina,Ashment,kashmentj@geocities.com,F,40.85.148.195,100.0,19
18,Aaren,-Dunlop,acampbelldunloph@wix.com,F,83.227.153.109,100.0,17
2,Dexter,Korf,dkorf1@chicagotribune.com,M,127.206.189.206,100.0,1
9,Jerome,Chasles,jchasles8@cdc.gov,M,239.180.51.139,100.0,8
3,Hyacinthe,Turfrey,hturfrey2@unicef.org,F,148.89.58.69,100.0,2
4,Nickola,Swate,nswate3@baidu.com,M,93.24.165.30,100.0,3
5,Korie,Makey,kmakey4@prweb.com,F,161.86.101.16,100.0,4
6,Rance,Staries,rstaries5@photobucket.com,M,30.163.3.46,100.0,5
7,Blanca,Darey,bdarey6@1und1.de,F,6.184.124.32,100.0,6
8,Spenser,MacNalley,smacnalley7@clickbank.net,M,157.16.73.75,100.0,7
10,Gustaf,Cabera,gcabera9@opera.com,M,182.75.70.247,100.0,9
17,Merissa,Sponer,msponerg@quantcast.com,F,210.186.223.68,100.0,16
11,Annmarie,Vanne,avannea@soundcloud.com,F,195.183.102.213,100.0,10
12,Robyn,Ismay,rismayb@unicef.org,F,188.104.111.93,100.0,11
13,,Astin,kastinc@google.es,M,92.0.9.148,100.0,12
14,Horace,Vallerine,hvallerined@oracle.com,M,130.191.216.48,100.0,13
15,Tanny,Cornfoot,tcornfoote@dailymotion.com,M,210.201.137.12,100.0,14
16,Gardy,Truckett,gtruckettf@nature.com,M,10.101.104.126,100.0,15
22,Ara,Tedman,atedmanl@vinaora.com,NB,150.243.89.138,100.0,1006
